N,Pi_Estimate,Accuracy,Execution_Time_Sec,Time_Per_Point
1000000,3.1431520000,0.0015593464,0.6996643000,6.9966430000e-07
10000000,3.1430560000,0.0014633464,6.3964051000,6.3964051000e-07
100000000,3.1416361600,0.0000435064,62.7201299000,6.2720129900e-07
